{
  "entryAssembly": "HadisIelts.Client",
  "resources": {
    "hash": "sha256-bmCMgZuZ2acRWFTH47N457UEFP/Pza8/oZy4raOsJUI=",
    "runtime": {
      "dotnet.7.0.16.xlrwabenjc.js": "sha256-F8lwjaVPMjAYJ0euy2kZ7fRuh2vr0eT6miTFbzMhalQ=",
      "dotnet.timezones.blat": "sha256-rwyJqJu36keQwNmm/O1XV7tnkkVldIOK8GIjn4gTUt4=",
      "dotnet.wasm": "sha256-DHVL0gzswwuXAviA5Ywi1QPRMaYdBcaOSiSztAVrS1E=",
      "icudt_CJK.dat": "sha256-SZLtQnRc0JkwqHab0VUVP7T3uBPSeYzxzDnpxPpUnHk=",
      "icudt_EFIGS.dat": "sha256-8fItetYY8kQ0ww6oxwTLiT3oXlBwHKumbeP2pRF4yTc=",
      "icudt_no_CJK.dat": "sha256-L7sV7NEYP37/Qr2FPCePo5cJqRgTXRwGHuwF5Q+0Nfs="
    },
    "assembly": {
      "Blazored.FluentValidation.dll": "sha256-pmAnzGHbzjJkqlA1/MjJe3bE8oA0PM8Cld1vLp+68sI=",
      "FluentValidation.dll": "sha256-PPUiqWeSvEoNjo19oYQ8GTBU4gBsEEBiyTf2eqVg+gI=",
      "HadisIelts.Client.dll": "sha256-mm8NLJbCOGdlILMHjZPYLNqbWEZV9g4squVBEJfE7Og=",
      "HadisIelts.Shared.dll": "sha256-Yfb3GmuwhfFm/6L1DXVH6tCW9TNYlXXX5I8VTTCIt3g=",
      "MediatR.Contracts.dll": "sha256-wmATBKqdFcUaVD4cMwA2jGSsOGM+cne7g1oE9o3famE=",
      "MediatR.dll": "sha256-PwbnrkJOxhI4qZnQ/jjmbVsVbVMrQav+dl2K7YhR0FY=",
      "Microsoft.AspNetCore.Authorization.dll": "sha256-CDYTTBV9+q/QPFs5g6FjBIrJvAwWXXG8PWj0XsbpZvs=",
      "Microsoft.AspNetCore.Components.Authorization.dll": "sha256-1imie5oESGbzW0Cg8tVDocA9M70nLWM52OpzcgKzMns=",
      "Microsoft.AspNetCore.Components.dll": "sha256-bl9TtK1qgOeH8xkLnaVNr2zx21eW1GAQ/Y7cyV8Jh7s=",
      "Microsoft.AspNetCore.Components.Forms.dll": "sha256-e6fO2Pp5Kvo2/x7A+z6tmpF+UW+uDbDYZ8Dsp0z/5WQ=",
      "Microsoft.AspNetCore.Components.Web.dll": "sha256-FBnIGDvUCr3OAy7XxOw2JK4q+8xVg0SvjF/3lNfK3H8=",
      "Microsoft.AspNetCore.Components.WebAssembly.Authentication.dll": "sha256-9/o4wjcsotVjs8SFX2YLlVE2Lz6FTbPYVlS/4HnMoF8=",
      "Microsoft.AspNetCore.Components.WebAssembly.dll": "sha256-zFUZ1uGFwyreaYvbmg5jax/kJEl/NiiwoGa4+pMzIFc=",
      "Microsoft.AspNetCore.Metadata.dll": "sha256-Gfr3w226bP+YYe4KGNTJxa5qQpMgfGbtN5hWPq59DxQ=",
      "Microsoft.CSharp.dll": "sha256-Bh1FO/ZcV74bMDvio6u6Gk3xHqtJLuE4sQvgSV5KyCY=",
      "Microsoft.Extensions.Configuration.Abstractions.dll": "sha256-X/f4fDl2cuIRXeWHhK/f2UqQbFioD+RU4a4CEh0zrrQ=",
      "Microsoft.Extensions.Configuration.dll": "sha256-DBOKSPriP2JDxVbbWrLXyD3K4/x3RBifNBWk/q1I39M=",
      "Microsoft.Extensions.Configuration.Json.dll": "sha256-Q5AqJneA2TZnzC0IYzBx6j/tHRhWAeMbpH3BsV7KgWg=",
      "Microsoft.Extensions.DependencyInjection.Abstractions.dll": "sha256-2CCcylPtbaGfgmm6JaH3des+vOQdP1kFd4/D71VU/DU=",
      "Microsoft.Extensions.DependencyInjection.dll": "sha256-qi0kE7rp0kdsNqdL6DyPZEeimjUGvcLT4iWQX0YnRus=",
      "Microsoft.Extensions.Http.dll": "sha256-2MCJ80eHVfjuQxeBd0kZVYxuAiDpIlcSYOoMyzPq5Nk=",
      "Microsoft.Extensions.Logging.Abstractions.dll": "sha256-WO7ZTcJzxwpV4ROm88lju/BODb2kgfk3Pv4AVcOknO4=",
      "Microsoft.Extensions.Logging.dll": "sha256-Sezvu1SpB+vPfYWMQ+LQtRpFvN9Ym3AvPDnKYCKxL14=",
      "Microsoft.Extensions.Options.dll": "sha256-k9XISCK5fk9IUDDKqLl/+QFebprK5dgTjSKpE/Zpz8Q=",
      "Microsoft.Extensions.Primitives.dll": "sha256-eXvGx2jcjpTPEJoAHBsW/VuMPbNyyU+AsuhPmkzSSRY=",
      "Microsoft.JSInterop.dll": "sha256-lMY+ppBd0KxdFPtinaW8dM2amd4a6bLKIMLS5Rwm3Z4=",
      "Microsoft.JSInterop.WebAssembly.dll": "sha256-rCEiCTvZ4q9Hh8faiYWMd8w8UxYteM1bNxGJ376zsmU=",
      "netstandard.dll": "sha256-/uk2c5vQTXey8hQ6tCBuCLHNMi7RMeVuoKZ+jeTCesY=",
      "Newtonsoft.Json.dll": "sha256-IsZJ91/OW+fHzNqIgEc7Y072ns8z9dGritiSyvR9Wgc=",
      "System.Collections.Concurrent.dll": "sha256-gn53RUK1IIjBJdb9ciDYPFUAmlOD4zv+a3m28dQqqLI=",
      "System.Collections.dll": "sha256-ILm49tGYQ7EaEFeipETphAzGzn3GgDCGmfQDl7hLxEo=",
      "System.Collections.NonGeneric.dll": "sha256-oHf8l8Oxth2AkuC1rg/+owJi0ek9e9et9lese8uJaAs=",
      "System.Collections.Specialized.dll": "sha256-jfTOpaeHy1dmJMXJ6+tx2Im0Yq7YLjn4lrevyNx0m00=",
      "System.ComponentModel.dll": "sha256-K8VizbKHHfc0UbDlje+ylFgSvtdGhT2PKm0RCeu/91U=",
      "System.ComponentModel.Primitives.dll": "sha256-vLZMXXtJ6t7fU+p5iylH2+veRuGikMMAZp4o+27FNOE=",
      "System.ComponentModel.TypeConverter.dll": "sha256-tkACVk6oprfnXJM1vHFG3o2QZLyaNxNrLTlIW93Rkh0=",
      "System.Data.Common.dll": "sha256-8DrRorBSPoGtpOKi+vP8h0ws80gqgweQHqsIg4OOJj0=",
      "System.Diagnostics.TraceSource.dll": "sha256-r6lJdYZI/pgq57O5UMjXp70hVBNHFjQbB40u7C7ffq0=",
      "System.dll": "sha256-/h4mEcZI5fgaH0FALwMh+MLBFTe7paTfa2L/Sw2AQ48=",
      "System.Drawing.dll": "sha256-jJiLMGAxUbjbpAgl+zTsIU1ri2qs04pzVxzkEG0i3As=",
      "System.Drawing.Primitives.dll": "sha256-lkIizGuO/rdRu3ZRYFAQpP3KA+L3uWCxpR6Yt+CzX10=",
      "System.Linq.dll": "sha256-ACDKUuFVfVfftgKQkXuvy5/hPYMg251dElP6Gv4guuo=",
      "System.Linq.Expressions.dll": "sha256-eXultOMZuH6h6M0GgVIFYxPbYX01/P+foZzOAmlkDxY=",
      "System.Memory.dll": "sha256-Il4eGkQ4jMjvWFFhN77xghz8juS9wf89Xfl8dpx512Y=",
      "System.Net.Http.dll": "sha256-GaIT/h+h5yUXCYweH91ITExkbjfQHRQp634T99fx1WY=",
      "System.Net.Http.Json.dll": "sha256-Bjd32G8Y+LpTZEISKZox8UO3B7d374erbD0/A+7Kc/E=",
      "System.Net.Primitives.dll": "sha256-y1KD7e8qeggpet4/wtD6atsCp/XVe/q1C8STo/oEAMY=",
      "System.ObjectModel.dll": "sha256-ctwShl574yYFrGLE+AukB4dNXxCbPR/WSBft5ZOWaNU=",
      "System.Private.CoreLib.dll": "sha256-2YBe5/2EipQCdhGqVPROpLXUdckEADglwYvsnTldtC8=",
      "System.Private.Uri.dll": "sha256-tFUJYxmFTQfG6yWZgJxoHx0skJ2gtNeajgGHpIi7Ims=",
      "System.Private.Xml.dll": "sha256-89gGG808glXzAxNQCeu26G+hE2/Oj7YEiBk8aDHB07A=",
      "System.Private.Xml.Linq.dll": "sha256-ZTOnvoDbgSsxSmB+Ks+oMf7mEG4qiooDPvkFu7hgLt0=",
      "System.Reflection.Emit.ILGeneration.dll": "sha256-at6/LFn5vQr64bXC+uxe3rcGLUS1ZvhgPq4sEoos5bo=",
      "System.Reflection.Emit.Lightweight.dll": "sha256-3QoIrXwM8xGPbGVsb9/hU+zebL3/5gCIv1fgU9/Djfo=",
      "System.Reflection.Primitives.dll": "sha256-CHfTwuT7B4eXjyZUtoQctnGAT4KnPwZvieRGzb+Tia8=",
      "System.Runtime.dll": "sha256-a7hkSA1mCBqexXzN0LLYxwCpXJllPJEx0x66+nDzYiM=",
      "System.Runtime.InteropServices.dll": "sha256-zPBLi2bKz9HftYLJOXskP2Rh3CE9e7aIJ1sAmiGtYBs=",
      "System.Runtime.InteropServices.JavaScript.dll": "sha256-3NcW8ZyFr4UiZz9NrkY3KzukVdbxqplbIS3JC/zRSlE=",
      "System.Runtime.Numerics.dll": "sha256-SMuxwOVhXFeDq1mIfbrrkgeY7S5stTS+mskV9Bonz+I=",
      "System.Runtime.Serialization.Formatters.dll": "sha256-8HjVLExeU2tcf4wb16FHPPFnyZnzjFW2drLv8/hEa3M=",
      "System.Runtime.Serialization.Primitives.dll": "sha256-NbBHGfQLlokpuF3kRYhE912h5HF9lY2KnHa2ivS+oOE=",
      "System.Security.Claims.dll": "sha256-MSj+3WmIHOj0vJ8ZPCFEnwK4hKSBlfYeGK+fdA7bDAA=",
      "System.Security.Cryptography.dll": "sha256-ATWp7lGoPYdErb/ILhO4r9l8p7R8BkFSg26jWKe/7Wg=",
      "System.Text.Encoding.Extensions.dll": "sha256-Llp2Bn6jU3qBEfNDkMsgHlirgKakpngK0wWWF/KePuQ=",
      "System.Text.Encodings.Web.dll": "sha256-gfGGYJnBjT5zLqQvI/bHsaxgpqigVESWvmT2yGN/8l0=",
      "System.Text.Json.dll": "sha256-YohFe1fHZNGkD+TvO19UNYNCuzdvdxfcb2bHtiRade4=",
      "System.Text.RegularExpressions.dll": "sha256-2Wto7wik9xeQlGNzLQ5KiQMeny5wXcUSbaVR0Lc6Bd8=",
      "System.Threading.dll": "sha256-bo61GVJbeCZEkzrZxz4N+/lj0GjLIhNS/waXL3OsQSU=",
      "System.Xml.Linq.dll": "sha256-O2Jn/HZD2EJnz5YOaZ6jQ6wyr3kUmu7J/kVH6JT2oGI=",
      "System.Xml.ReaderWriter.dll": "sha256-zDbMftb/xcKNolV0xyAo+UD/VTf09jOa7MpXgKFUf6A=",
      "System.Xml.XDocument.dll": "sha256-7oYZgfSDm99dVCC4cR6NrauPvCS43I1amjmKe3rsEkk="
    },
    "runtimeAssets": {
      "dotnet.wasm": {
        "hash": "sha256-DHVL0gzswwuXAviA5Ywi1QPRMaYdBcaOSiSztAVrS1E=",
        "behavior": "dotnetwasm"
      }
    }
  },
  "cacheBootResources": true,
  "debugBuild": false,
  "debugLevel": 0,
  "linkerEnabled": true,
  "config": [],
  "icuDataMode": 0,
  "extensions": {
    "blazor": {}
  }
}